filth,nv, fatigue, headache, sleep, depression, hospital
0,7.6, 3.952, 0.532, 0.00608, 0.1071, 0.019
1,7.6, 3.952, 0.532, 0.00608, 0.1071, 0.019
2,24.5, 15.925, 1.96, 2.205, 0.1935, 0.408
3,26.6, 17.024, 3.192, 3.192, 0.1729, 0.564
4,9.0, 4.229, 1.349, 1.44, 0.3402, 0.291
5,5.2, 2.444, 0.884, 0.884, 0.1960, 0.0875
6,2.6, 0.909, 0.442, 0.442, 0.1346, 0.048
7,1.8, 0.54, 0.324, 0.306, 0.1173, 0.048
8,1.4, 0.868, 0.238, 0.238, 0.0776, 0.029
9,1.4, 0.868, 0.238, 0.238, 0.0776, 0.029
